,author,year,type,age,health,skill,N,task,outcome,g,se,rob,num,measure,mef,sdef,seef,nef,mif,sdif,seif,nif,t,f,missing,favours,notes,id,csdef,csdif,vi,rawg,yi,standard_error,match,effect_size,sei,selected
1,Abdollahipour et al.,2008,Retention,Children,Healthy,Novice,76,Soccer dribbling,Movement time,0.449,0.225,Moderate,1,mt,NA,NA,NA,38,NA,NA,NA,38,NA,3.27,no,external,NA,1,NA,NA,0.053,0.411,0.411,0.23,no,0.449,0.225,y
2,Abdollahipour et al.,2008,Retention,Children,Healthy,Novice,76,Soccer dribbling,Movement time,0.449,0.225,Moderate,2,other_1,NA,NA,NA,38,NA,NA,NA,38,NA,21.62,no,internal,NA,2,NA,NA,0.059,1.056,-1.056,0.243,no,-1.056,0.243,n
3,Abdollahipour et al.,2008,Retention,Children,Healthy,Novice,76,Soccer dribbling,Movement time,0.449,0.225,Moderate,3,NA,NA,NA,NA,NA,NA,NA,NA,NA,NA,NA,NA,NA,NA,3,NA,NA,NA,NA,NA,NA,NA,,,
4,Abdollahipour et al.,2008,Retention,Children,Healthy,Novice,76,Soccer dribbling,Movement time,0.449,0.225,Moderate,NA,NA,NA,NA,NA,NA,NA,NA,NA,NA,NA,NA,NA,NA,other_1 = performance errors,4,NA,NA,NA,NA,NA,NA,NA,,,
5,Abdollahipour et al.,2019 Exp 2,Retention,Adults,Visual,Novice,26,Pedalo riding,Movement time,0.379,0.383,Moderate,1,mt,5.42,1.21,NA,13,8.64,3.29,NA,13,NA,NA,no,external,NA,5,NA,NA,0.175,-1.258,1.258,0.418,no,0.379,0.383,y
6,Abdollahipour et al.,2019 Exp 2,Retention,Adults,Visual,Novice,26,Pedalo riding,Movement time,0.379,0.383,Moderate,2,NA,NA,NA,NA,NA,NA,NA,NA,NA,NA,NA,NA,NA,NA,6,NA,NA,NA,NA,NA,NA,NA,,,
7,Abdollahipour et al.,2019 Exp 2,Retention,Adults,Visual,Novice,26,Pedalo riding,Movement time,0.379,0.383,Moderate,3,NA,NA,NA,NA,NA,NA,NA,NA,NA,NA,NA,NA,NA,NA,7,NA,NA,NA,NA,NA,NA,NA,,,
8,Abdollahipour et al.,2019 Exp 2,Retention,Adults,Visual,Novice,26,Pedalo riding,Movement time,0.379,0.383,Moderate,NA,NA,NA,NA,NA,NA,NA,NA,NA,NA,NA,NA,NA,NA,NA,8,NA,NA,NA,NA,NA,NA,NA,,,
9,Abdollahipour et al.,2014,Retention,Adults,Healthy,Novice,40,Dart throwing,Accuracy score,-0.076,0.31,Moderate,1,points,NA,NA,NA,10,NA,NA,NA,10,NA,NA,yes_no_fig,internal,NA,9,NA,NA,NA,NA,NA,NA,NA,-0.076,0.31,y
10,Abdollahipour et al.,2014,Retention,Adults,Healthy,Novice,40,Dart throwing,Accuracy score,-0.076,0.31,Moderate,2,NA,NA,NA,NA,NA,NA,NA,NA,NA,NA,NA,NA,NA,NA,10,NA,NA,NA,NA,NA,NA,NA,,,
11,Abdollahipour et al.,2014,Retention,Adults,Healthy,Novice,40,Dart throwing,Accuracy score,-0.076,0.31,Moderate,3,NA,NA,NA,NA,NA,NA,NA,NA,NA,NA,NA,NA,NA,NA,11,NA,NA,NA,NA,NA,NA,NA,,,
12,Abdollahipour et al.,2014,Retention,Adults,Healthy,Novice,40,Dart throwing,Accuracy score,-0.076,0.31,Moderate,NA,NA,NA,NA,NA,NA,NA,NA,NA,NA,NA,NA,NA,NA,NA,12,NA,NA,NA,NA,NA,NA,NA,,,
13,Agar et al.,2016,Retention,Children,Healthy,Novice,48,Puck shooting,Accuracy score,-0.099,0.28,Low,1,points,14.255,4.5354,NA,24,14.565,4.4472,NA,24,NA,NA,no,internal,NA,13,NA,NA,0.081,-0.068,-0.068,0.285,no,-0.099,0.28,y
14,Agar et al.,2016,Retention,Children,Healthy,Novice,48,Puck shooting,Accuracy score,-0.099,0.28,Low,2,NA,NA,NA,NA,NA,NA,NA,NA,NA,NA,NA,NA,NA,NA,14,NA,NA,NA,NA,NA,NA,NA,,,
15,Agar et al.,2016,Retention,Children,Healthy,Novice,48,Puck shooting,Accuracy score,-0.099,0.28,Low,3,NA,NA,NA,NA,NA,NA,NA,NA,NA,NA,NA,NA,NA,NA,15,NA,NA,NA,NA,NA,NA,NA,,,
16,Agar et al.,2016,Retention,Children,Healthy,Novice,48,Puck shooting,Accuracy score,-0.099,0.28,Low,NA,NA,NA,NA,NA,NA,NA,NA,NA,NA,NA,NA,NA,NA,NA,16,NA,NA,NA,NA,NA,NA,NA,,,
17,Ahmad et al.,2013,Retention,Adults,Healthy,Novice,44,Volleyball serve,Accuracy score,2.622,0.407,Moderate,1,points,12.2,1.7,NA,22,7.1,2.1,NA,22,NA,NA,no,external,NA,17,NA,NA,0.166,2.622,2.622,0.407,yes,2.622,0.407,y
18,Ahmad et al.,2013,Retention,Adults,Healthy,Novice,44,Volleyball serve,Accuracy score,2.622,0.407,Moderate,2,NA,NA,NA,NA,NA,NA,NA,NA,NA,NA,NA,NA,NA,NA,18,NA,NA,NA,NA,NA,NA,NA,,,
19,Ahmad et al.,2013,Retention,Adults,Healthy,Novice,44,Volleyball serve,Accuracy score,2.622,0.407,Moderate,3,NA,NA,NA,NA,NA,NA,NA,NA,NA,NA,NA,NA,NA,NA,19,NA,NA,NA,NA,NA,NA,NA,,,
20,Ahmad et al.,2013,Retention,Adults,Healthy,Novice,44,Volleyball serve,Accuracy score,2.622,0.407,Moderate,NA,NA,NA,NA,NA,NA,NA,NA,NA,NA,NA,NA,NA,NA,NA,20,NA,NA,NA,NA,NA,NA,NA,,,
21,An et al.,2013,Retention,Adults,Healthy,Experienced,16,Golf swing,Carry distance,1.12,0.513,Low,1,other_1,114,NA,9.704918033,8,83,NA,8.459016393,8,NA,NA,yes_has_fig,external,NA,21,27.44965341,23.92571141,0.264,1.138,1.138,0.514,no,1.12,0.513,y
22,An et al.,2013,Retention,Adults,Healthy,Experienced,16,Golf swing,Carry distance,1.12,0.513,Low,2,other_2,3.3,NA,0.672778561,8,0.63,NA,0.27670036,8,NA,NA,yes_has_fig,external,NA,22,1.902905131,0.782626804,0.318,1.735,1.735,0.564,no,1.735,0.564,n
23,An et al.,2013,Retention,Adults,Healthy,Experienced,16,Golf swing,Carry distance,1.12,0.513,Low,3,NA,NA,NA,NA,NA,NA,NA,NA,NA,NA,NA,NA,NA,NA,23,NA,NA,NA,NA,NA,NA,NA,,,
24,An et al.,2013,Retention,Adults,Healthy,Experienced,16,Golf swing,Carry distance,1.12,0.513,Low,NA,NA,NA,NA,NA,NA,NA,NA,NA,NA,NA,NA,NA,NA,"other_1 = carry distance, other_2 = xfactor",24,NA,NA,NA,NA,NA,NA,NA,,,
25,Beck et al.,2017,Retention,Older adults,Idiopathic PD,Novice,32,Ground walking,Step length,0.161,0.173,Low,1,mt,0.56,0.1,NA,19,0.54,0.05,NA,20,NA,NA,no,internal,NA,25,NA,NA,0.099,0.25,-0.25,0.315,no,-0.247,0.346,n
26,Beck et al.,2017,Retention,Older adults,Idiopathic PD,Novice,32,Ground walking,Step length,0.161,0.173,Low,2,other_1,56.02,14.1,NA,19,53.5,13,NA,20,NA,NA,no,external,NA,26,NA,NA,0.099,0.182,0.182,0.315,no,0.161,0.173,y
27,Beck et al.,2017,Retention,Older adults,Idiopathic PD,Novice,32,Ground walking,Step length,0.161,0.173,Low,3,other_2,0.7,NA,0.4,19,0.6,NA,0.4,20,NA,NA,no,internal,NA,27,1.743559577,1.788854382,0.099,0.055,-0.055,0.315,no,-0.061,0.345,n
28,Beck et al.,2017,Retention,Older adults,Idiopathic PD,Novice,32,Ground walking,Step length,0.161,0.173,Low,NA,NA,NA,NA,NA,NA,NA,NA,NA,NA,NA,NA,NA,NA,"other_1 = stride length, other_2 = change in stride length from pretest",28,NA,NA,NA,NA,NA,NA,NA,,,
29,Becker & Smith,2013,Retention,Children,Healthy,Novice,24,Pedalo riding,Movement time,-0.271,0.275,Moderate,1,mt,7.245,3.417871,NA,24,7.505,4.940777,NA,24,NA,NA,no,external,NA,29,NA,NA,0.081,-0.06,0.06,0.285,no,0.06,0.285,n
30,Becker & Smith,2013,Retention,Children,Healthy,Novice,24,Pedalo riding,Movement time,-0.271,0.275,Moderate,2,chua,NA,NA,NA,NA,NA,NA,NA,NA,NA,NA,NA,NA,NA,30,NA,NA,NA,NA,NA,NA,NA,-0.271,0.275,y
31,Becker & Smith,2013,Retention,Children,Healthy,Novice,24,Pedalo riding,Movement time,-0.271,0.275,Moderate,3,NA,NA,NA,NA,NA,NA,NA,NA,NA,NA,NA,NA,NA,NA,31,NA,NA,NA,NA,NA,NA,NA,,,
32,Becker & Smith,2013,Retention,Children,Healthy,Novice,24,Pedalo riding,Movement time,-0.271,0.275,Moderate,NA,NA,NA,NA,NA,NA,NA,NA,NA,NA,NA,NA,NA,NA,NA,32,NA,NA,NA,NA,NA,NA,NA,,,
33,Becker & Smith,2013,Retention,Adults,Healthy,Novice,24,Pedalo riding,Movement time,0.352,0.274,Moderate,1,mt,6.9775,3.460337,NA,24,7.67,3.664728,NA,24,NA,NA,no,external,NA,33,NA,NA,0.081,-0.191,0.191,0.285,no,0.191,0.285,n
34,Becker & Smith,2013,Retention,Adults,Healthy,Novice,24,Pedalo riding,Movement time,0.352,0.274,Moderate,2,chua,NA,NA,NA,NA,NA,NA,NA,NA,NA,NA,NA,NA,NA,34,NA,NA,NA,NA,NA,NA,NA,0.352,0.274,y
35,Becker & Smith,2013,Retention,Adults,Healthy,Novice,24,Pedalo riding,Movement time,0.352,0.274,Moderate,3,NA,NA,NA,NA,NA,NA,NA,NA,NA,NA,NA,NA,NA,NA,35,NA,NA,NA,NA,NA,NA,NA,,,
36,Becker & Smith,2013,Retention,Adults,Healthy,Novice,24,Pedalo riding,Movement time,0.352,0.274,Moderate,NA,NA,NA,NA,NA,NA,NA,NA,NA,NA,NA,NA,NA,NA,NA,36,NA,NA,NA,NA,NA,NA,NA,,,
37,Brocken et al.,2016,Retention,Children,Healthy,Novice,60,Golf putting,Radial error,0.259,0.253,Low,1,ae,74.05,21.93542,NA,30,81.3,30.4977,NA,30,NA,NA,no,external,NA,37,NA,NA,0.066,-0.269,0.269,0.257,no,0.259,0.253,y
38,Brocken et al.,2016,Retention,Children,Healthy,Novice,60,Golf putting,Radial error,0.259,0.253,Low,2,NA,NA,NA,NA,NA,NA,NA,NA,NA,NA,NA,NA,NA,NA,38,NA,NA,NA,NA,NA,NA,NA,,,
39,Brocken et al.,2016,Retention,Children,Healthy,Novice,60,Golf putting,Radial error,0.259,0.253,Low,3,NA,NA,NA,NA,NA,NA,NA,NA,NA,NA,NA,NA,NA,NA,39,NA,NA,NA,NA,NA,NA,NA,,,
40,Brocken et al.,2016,Retention,Children,Healthy,Novice,60,Golf putting,Radial error,0.259,0.253,Low,NA,NA,NA,NA,NA,NA,NA,NA,NA,NA,NA,NA,NA,NA,NA,40,NA,NA,NA,NA,NA,NA,NA,,,
41,Chiviacowsky et al.,2010,Retention,Older adults,Healthy,Novice,32,Balance,Time in balance,1.039,0.368,Low,1,other_1,NA,NA,NA,16,NA,NA,NA,16,NA,4.54,no,external,NA,41,NA,NA,0.127,0.734,0.734,0.356,no,1.039,0.368,y
42,Chiviacowsky et al.,2010,Retention,Older adults,Healthy,Novice,32,Balance,Time in balance,1.039,0.368,Low,2,NA,NA,NA,NA,NA,NA,NA,NA,NA,NA,NA,NA,NA,NA,42,NA,NA,NA,NA,NA,NA,NA,,,
43,Chiviacowsky et al.,2010,Retention,Older adults,Healthy,Novice,32,Balance,Time in balance,1.039,0.368,Low,3,NA,NA,NA,NA,NA,NA,NA,NA,NA,NA,NA,NA,NA,NA,43,NA,NA,NA,NA,NA,NA,NA,,,
44,Chiviacowsky et al.,2010,Retention,Older adults,Healthy,Novice,32,Balance,Time in balance,1.039,0.368,Low,NA,NA,NA,NA,NA,NA,NA,NA,NA,NA,NA,NA,NA,NA,other_1 = time_on_balance,44,NA,NA,NA,NA,NA,NA,NA,,,
45,Chiviacowsky et al.,2013,Retention,Children,Intellectual,Novice,24,Beanbag tossing,Accuracy score,1.356,0.44,Moderate,1,points,60.22532102,NA,5.775610647,11,50.31777859,NA,4.852959046,13,NA,NA,yes_has_fig,external,NA,45,19.15553345,17.49759268,0.162,0.524,0.524,0.402,no,1.356,0.44,y
46,Chiviacowsky et al.,2013,Retention,Children,Intellectual,Novice,24,Beanbag tossing,Accuracy score,1.356,0.44,Moderate,2,NA,NA,NA,NA,NA,NA,NA,NA,NA,NA,NA,NA,NA,NA,46,NA,NA,NA,NA,NA,NA,NA,,,
47,Chiviacowsky et al.,2013,Retention,Children,Intellectual,Novice,24,Beanbag tossing,Accuracy score,1.356,0.44,Moderate,3,NA,NA,NA,NA,NA,NA,NA,NA,NA,NA,NA,NA,NA,NA,47,NA,NA,NA,NA,NA,NA,NA,,,
48,Chiviacowsky et al.,2013,Retention,Children,Intellectual,Novice,24,Beanbag tossing,Accuracy score,1.356,0.44,Moderate,NA,NA,NA,NA,NA,NA,NA,NA,NA,NA,NA,NA,NA,NA,NA,48,NA,NA,NA,NA,NA,NA,NA,,,
49,Chow et al.,2014,Retention,Adults,Healthy,Novice,16,Treadmill running,Ankle angle at initial contact phase,-0.245,0.475,Low,1,other_1,23.1,6.7,NA,8,24.6,4.7,NA,8,NA,NA,no,internal,NA,49,NA,NA,0.225,-0.245,-0.245,0.474,yes,-0.245,0.474,y
50,Chow et al.,2014,Retention,Adults,Healthy,Novice,16,Treadmill running,Ankle angle at initial contact phase,-0.245,0.475,Low,2,other_2,0.025,0.006,NA,8,0.027,0.008,NA,8,NA,NA,no,internal,NA,50,NA,NA,0.226,-0.267,-0.267,0.475,no,-0.267,0.475,n
51,Chow et al.,2014,Retention,Adults,Healthy,Novice,16,Treadmill running,Ankle angle at initial contact phase,-0.245,0.475,Low,3,NA,NA,NA,NA,NA,NA,NA,NA,NA,NA,NA,NA,NA,NA,51,NA,NA,NA,NA,NA,NA,NA,,,
52,Chow et al.,2014,Retention,Adults,Healthy,Novice,16,Treadmill running,Ankle angle at initial contact phase,-0.245,0.475,Low,NA,NA,NA,NA,NA,NA,NA,NA,NA,NA,NA,NA,NA,NA,"other_1 = ankle angle, other_2 = calcaneus_height",52,NA,NA,NA,NA,NA,NA,NA,,,
53,Christina & Alpenfels,2014 Exp 1 & 2,Retention,Older adults,Healthy,Experienced,56,Golf swing,Adjusted swing path,0.981,0.279,Low,1,other_1,151.89,31.02,NA,28,142.45,26.03,NA,28,NA,NA,no,external,NA,53,NA,NA,0.07,0.325,0.325,0.265,no,0.325,0.265,n
54,Christina & Alpenfels,2014 Exp 1 & 2,Retention,Older adults,Healthy,Experienced,56,Golf swing,Adjusted swing path,0.981,0.279,Low,2,other_2,124.44,11.31,NA,15,120.37,11.32,NA,15,NA,NA,no,external,NA,54,NA,NA,0.128,0.35,0.35,0.358,no,0.35,0.358,n
55,Christina & Alpenfels,2014 Exp 1 & 2,Retention,Older adults,Healthy,Experienced,56,Golf swing,Adjusted swing path,0.981,0.279,Low,3,other_3,179.33,16.42,NA,13,164.53,15.51,NA,13,NA,NA,no,external,NA,55,NA,NA,0.16,0.897,0.897,0.4,no,0.897,0.4,n
56,Christina & Alpenfels,2014 Exp 1 & 2,Retention,Older adults,Healthy,Experienced,56,Golf swing,Adjusted swing path,0.981,0.279,Low,NA,chua,NA,NA,NA,NA,NA,NA,NA,NA,NA,NA,NA,NA,"other_1 = carry distance combined, other _2 = carry distance exp1, other_3 = carry distance exp2. adjusted values used, unadjusted available.  2 different experiments with 2 different clubs and a separate sample; swing path has negative and positive values being averaged across participants - probably innappropriate, should have used absolute values.",56,NA,NA,NA,NA,NA,NA,NA,0.981,0.279,y
57,da Silva et al.,2017,Retention,Children,Healthy,Novice,38,Ballet pirouette,Degree of rotation,1.493,0.361,Moderate,1,other_1,NA,NA,NA,19,NA,NA,NA,19,NA,11.04,no,external,NA,57,NA,NA,0.116,1.055,1.055,0.341,no,1.493,0.361,y
58,da Silva et al.,2017,Retention,Children,Healthy,Novice,38,Ballet pirouette,Degree of rotation,1.493,0.361,Moderate,2,NA,NA,NA,NA,NA,NA,NA,NA,NA,NA,NA,NA,NA,NA,58,NA,NA,NA,NA,NA,NA,NA,,,
59,da Silva et al.,2017,Retention,Children,Healthy,Novice,38,Ballet pirouette,Degree of rotation,1.493,0.361,Moderate,3,NA,NA,NA,NA,NA,NA,NA,NA,NA,NA,NA,NA,NA,NA,59,NA,NA,NA,NA,NA,NA,NA,,,
60,da Silva et al.,2017,Retention,Children,Healthy,Novice,38,Ballet pirouette,Degree of rotation,1.493,0.361,Moderate,NA,NA,NA,NA,NA,NA,NA,NA,NA,NA,NA,NA,NA,NA,other_1 = rotation points,60,NA,NA,NA,NA,NA,NA,NA,,,
61,Emanuel et al.,2008,Retention,Adult,Healthy,Novice,34,Dart throwing,Radial error,0.369,0.338,Moderate,1,ae,12.46,2.5,NA,17,11.75,2.16,NA,17,NA,NA,no,internal,NA,61,NA,NA,0.113,0.297,-0.297,0.336,no,-0.296,0.347,y
62,Emanuel et al.,2008,Retention,Adult,Healthy,Novice,34,Dart throwing,Radial error,0.369,0.338,Moderate,2,ve,12.46,2.25,NA,17,12.64,2.04,NA,17,NA,NA,no,external,NA,62,NA,NA,0.112,-0.082,0.082,0.335,no,0.082,0.335,n
63,Emanuel et al.,2008,Retention,Adult,Healthy,Novice,34,Dart throwing,Radial error,0.369,0.338,Moderate,3,NA,NA,NA,NA,NA,NA,NA,NA,NA,NA,NA,NA,NA,NA,63,NA,NA,NA,NA,NA,NA,NA,,,
64,Emanuel et al.,2008,Retention,Adult,Healthy,Novice,34,Dart throwing,Radial error,0.369,0.338,Moderate,NA,NA,NA,NA,NA,NA,NA,NA,NA,NA,NA,NA,NA,NA,NA,64,NA,NA,NA,NA,NA,NA,NA,,,
65,Emanuel et al.,2008,Retention,Children,Healthy,Novice,32,Dart throwing,Radial error,-0.296,0.347,Moderate,1,ae,10.18,2.47,NA,16,11.19,2.86,NA,16,NA,NA,no,external,NA,65,NA,NA,0.121,-0.368,0.368,0.348,no,0.369,0.338,y
66,Emanuel et al.,2008,Retention,Children,Healthy,Novice,32,Dart throwing,Radial error,-0.296,0.347,Moderate,2,ve,10.48,2.42,NA,16,11.05,2.5,NA,16,NA,NA,no,external,NA,66,NA,NA,0.12,-0.226,0.226,0.346,no,0.226,0.346,n
67,Emanuel et al.,2008,Retention,Children,Healthy,Novice,32,Dart throwing,Radial error,-0.296,0.347,Moderate,3,NA,NA,NA,NA,NA,NA,NA,NA,NA,NA,NA,NA,NA,NA,67,NA,NA,NA,NA,NA,NA,NA,,,
68,Emanuel et al.,2008,Retention,Children,Healthy,Novice,32,Dart throwing,Radial error,-0.296,0.347,Moderate,NA,NA,NA,NA,NA,NA,NA,NA,NA,NA,NA,NA,NA,NA,combined means,68,NA,NA,NA,NA,NA,NA,NA,,,
69,Gredin & Williams,2016,Retention,Children,Healthy,Novice,24,Soccer chipping,Radial error,0.53,0.403,Moderate,1,ae,173,65,NA,11,205,52,NA,13,NA,NA,no,external,NA,69,NA,NA,0.162,-0.53,0.53,0.402,yes,0.53,0.403,y
70,Gredin & Williams,2016,Retention,Children,Healthy,Novice,24,Soccer chipping,Radial error,0.53,0.403,Moderate,2,NA,NA,NA,NA,NA,NA,NA,NA,NA,NA,NA,NA,NA,NA,70,NA,NA,NA,NA,NA,NA,NA,,,
71,Gredin & Williams,2016,Retention,Children,Healthy,Novice,24,Soccer chipping,Radial error,0.53,0.403,Moderate,3,NA,NA,NA,NA,NA,NA,NA,NA,NA,NA,NA,NA,NA,NA,71,NA,NA,NA,NA,NA,NA,NA,,,
72,Gredin & Williams,2016,Retention,Children,Healthy,Novice,24,Soccer chipping,Radial error,0.53,0.403,Moderate,NA,NA,NA,NA,NA,NA,NA,NA,NA,NA,NA,NA,NA,NA,NA,72,NA,NA,NA,NA,NA,NA,NA,,,
73,Hadler et al.,2014,Retention,Children,Healthy,Novice,30,Tennis serve,Accuracy score,1.034,0.38,Moderate,1,points,1.355694646,NA,0.323281547,15,0.835458813,NA,0.198787303,15,NA,NA,yes_has_fig,external,NA,73,1.252064048,0.769899914,0.13,0.487,0.487,0.361,no,1.034,0.38,y
74,Hadler et al.,2014,Retention,Children,Healthy,Novice,30,Tennis serve,Accuracy score,1.034,0.38,Moderate,2,NA,NA,NA,NA,NA,NA,NA,NA,NA,NA,NA,NA,NA,NA,74,NA,NA,NA,NA,NA,NA,NA,,,
75,Hadler et al.,2014,Retention,Children,Healthy,Novice,30,Tennis serve,Accuracy score,1.034,0.38,Moderate,3,NA,NA,NA,NA,NA,NA,NA,NA,NA,NA,NA,NA,NA,NA,75,NA,NA,NA,NA,NA,NA,NA,,,
76,Hadler et al.,2014,Retention,Children,Healthy,Novice,30,Tennis serve,Accuracy score,1.034,0.38,Moderate,NA,NA,NA,NA,NA,NA,NA,NA,NA,NA,NA,NA,NA,NA,NA,76,NA,NA,NA,NA,NA,NA,NA,,,
77,Jackson & Holmes,2011,Retention,Adult,Healthy,Novice,18,Balance,Time in balance,0.131,0.321,Low,1,rmse,NA,NA,NA,18,NA,NA,NA,18,NA,NA,no,external,NA,77,NA,NA,NA,NA,NA,NA,NA,0.131,0.321,y
78,Jackson & Holmes,2011,Retention,Adult,Healthy,Novice,18,Balance,Time in balance,0.131,0.321,Low,2,NA,NA,NA,NA,NA,NA,NA,NA,NA,NA,NA,NA,NA,NA,78,NA,NA,NA,NA,NA,NA,NA,,,
79,Jackson & Holmes,2011,Retention,Adult,Healthy,Novice,18,Balance,Time in balance,0.131,0.321,Low,3,NA,NA,NA,NA,NA,NA,NA,NA,NA,NA,NA,NA,NA,NA,79,NA,NA,NA,NA,NA,NA,NA,,,
80,Jackson & Holmes,2011,Retention,Adult,Healthy,Novice,18,Balance,Time in balance,0.131,0.321,Low,NA,NA,NA,NA,NA,NA,NA,NA,NA,NA,NA,NA,NA,NA,"groups combined in mini fixed-effects meta: g = .02, se = .324",80,NA,NA,NA,NA,NA,NA,NA,,,
81,"Kim, Hinojosa et al.",2017,Retention,Adult,Stroke,Novice,30,Arm movement,FMA-UE score,0.016,0.355,Low,1,other_1,0.69,0.13,NA,15,0.62,0.16,NA,15,NA,NA,no,external,NA,81,NA,NA,0.13,0.467,0.467,0.361,no,0.467,0.361,n
82,"Kim, Hinojosa et al.",2017,Retention,Adult,Stroke,Novice,30,Arm movement,FMA-UE score,0.016,0.355,Low,2,other_2,23.53,12.99,NA,15,23.33,10.91,NA,15,NA,NA,no,external,NA,82,NA,NA,0.126,0.016,0.016,0.355,yes,0.016,0.355,y
83,"Kim, Hinojosa et al.",2017,Retention,Adult,Stroke,Novice,30,Arm movement,FMA-UE score,0.016,0.355,Low,3,other_3,2.03,0.72,NA,15,2,0.59,NA,15,NA,NA,no,external,NA,83,NA,NA,0.126,0.044,0.044,0.355,no,0.044,0.355,n
84,"Kim, Hinojosa et al.",2017,Retention,Adult,Stroke,Novice,30,Arm movement,FMA-UE score,0.016,0.355,Low,NA,NA,NA,NA,NA,NA,NA,NA,NA,NA,NA,NA,NA,NA,"other_1 = joint-independence-external, other_2 = FMA, other_3 = WMFT, there are other joint-independence measures available",84,NA,NA,NA,NA,NA,NA,NA,,,
85,Koufou et al.,2013,Retention,Children,Healthy,Novice,20,Forward tuck roll,Movement quality score,0.791,0.446,Moderate,1,form,5.9,1.37,NA,10,4.2,2.57,NA,10,NA,NA,no,external,NA,85,NA,NA,0.199,0.791,0.791,0.446,yes,0.791,0.446,y
86,Koufou et al.,2013,Retention,Children,Healthy,Novice,20,Forward tuck roll,Movement quality score,0.791,0.446,Moderate,2,NA,NA,NA,NA,NA,NA,NA,NA,NA,NA,NA,NA,NA,NA,86,NA,NA,NA,NA,NA,NA,NA,,,
87,Koufou et al.,2013,Retention,Children,Healthy,Novice,20,Forward tuck roll,Movement quality score,0.791,0.446,Moderate,3,NA,NA,NA,NA,NA,NA,NA,NA,NA,NA,NA,NA,NA,NA,87,NA,NA,NA,NA,NA,NA,NA,,,
88,Koufou et al.,2013,Retention,Children,Healthy,Novice,20,Forward tuck roll,Movement quality score,0.791,0.446,Moderate,NA,NA,NA,NA,NA,NA,NA,NA,NA,NA,NA,NA,NA,NA,NA,88,NA,NA,NA,NA,NA,NA,NA,,,
89,Land et al.,2014,Retention,Adult,Healthy,Novice,20,Golf putting,Radial error,1.695,0.505,Low,1,ae,NA,NA,NA,10,NA,NA,NA,10,3.75,NA,no,external,NA,89,NA,NA,0.248,1.606,1.606,0.498,no,1.695,0.505,y
90,Land et al.,2014,Retention,Adult,Healthy,Novice,20,Golf putting,Radial error,1.695,0.505,Low,2,ve,NA,NA,NA,10,NA,NA,NA,10,7.18,NA,no,external,NA,90,NA,NA,0.42,3.075,3.075,0.648,no,3.075,0.648,n
91,Land et al.,2014,Retention,Adult,Healthy,Novice,20,Golf putting,Radial error,1.695,0.505,Low,3,NA,NA,NA,NA,NA,NA,NA,NA,NA,NA,NA,NA,NA,NA,91,NA,NA,NA,NA,NA,NA,NA,,,
92,Land et al.,2014,Retention,Adult,Healthy,Novice,20,Golf putting,Radial error,1.695,0.505,Low,NA,NA,NA,NA,NA,NA,NA,NA,NA,NA,NA,NA,NA,NA,NA,92,NA,NA,NA,NA,NA,NA,NA,,,
93,Laufer et al.,2007,Retention,Adult,Ankle sprain,Novice,40,Balance,Overall Stability,0.198,0.22,Low,1,other_1,5.88,2.27,NA,20,6.12,3.81,NA,20,NA,NA,no,external,NA,93,NA,NA,0.096,-0.075,0.075,0.31,no,0.075,0.31,n
94,Laufer et al.,2007,Retention,Adult,Ankle sprain,Novice,40,Balance,Overall Stability,0.198,0.22,Low,2,other_2,7.41,3.4,NA,20,8.83,5.09,NA,20,NA,NA,no,external,NA,94,NA,NA,0.097,-0.322,0.322,0.311,no,0.322,0.311,n
95,Laufer et al.,2007,Retention,Adult,Ankle sprain,Novice,40,Balance,Overall Stability,0.198,0.22,Low,3,chua,NA,NA,NA,NA,NA,NA,NA,NA,NA,NA,NA,NA,NA,95,NA,NA,NA,NA,NA,NA,NA,0.198,0.22,y
96,Laufer et al.,2007,Retention,Adult,Ankle sprain,Novice,40,Balance,Overall Stability,0.198,0.22,Low,NA,NA,NA,NA,NA,NA,NA,NA,NA,NA,NA,NA,NA,NA,"other_1 = OSI Level 6, other_2: OSI Level 4; study also included A/P and M/L measures",96,NA,NA,NA,NA,NA,NA,NA,,,
97,Lawrence et al.,2011,Retention,Adult,Healthy,Novice,20,Gymnastics,Movement form,0.948,0.454,Low,1,form,7.88,0.32,NA,10,7.6,0.24,NA,10,NA,NA,no,external,NA,97,NA,NA,0.206,0.948,0.948,0.454,yes,0.948,0.454,y
98,Lawrence et al.,2011,Retention,Adult,Healthy,Novice,20,Gymnastics,Movement form,0.948,0.454,Low,2,NA,NA,NA,NA,NA,NA,NA,NA,NA,NA,NA,NA,NA,NA,98,NA,NA,NA,NA,NA,NA,NA,,,
99,Lawrence et al.,2011,Retention,Adult,Healthy,Novice,20,Gymnastics,Movement form,0.948,0.454,Low,3,NA,NA,NA,NA,NA,NA,NA,NA,NA,NA,NA,NA,NA,NA,99,NA,NA,NA,NA,NA,NA,NA,,,
100,Lawrence et al.,2011,Retention,Adult,Healthy,Novice,20,Gymnastics,Movement form,0.948,0.454,Low,NA,NA,NA,NA,NA,NA,NA,NA,NA,NA,NA,NA,NA,NA,NA,100,NA,NA,NA,NA,NA,NA,NA,,,
101,McNevin et al.,2003,Retention,Adult,Healthy,Novice,20,Balance,Angular deviation,0.43,0.434,Low,1,rmse,NA,NA,NA,10,NA,NA,NA,10,NA,NA,yes_no_fig,external,NA,101,NA,NA,NA,NA,NA,NA,NA,0.43,0.434,y
102,McNevin et al.,2003,Retention,Adult,Healthy,Novice,20,Balance,Angular deviation,0.43,0.434,Low,2,other_1,NA,NA,NA,10,NA,NA,NA,10,NA,NA,yes_no_fig,external,NA,102,NA,NA,NA,NA,NA,NA,NA,,,
103,McNevin et al.,2003,Retention,Adult,Healthy,Novice,20,Balance,Angular deviation,0.43,0.434,Low,3,NA,NA,NA,NA,NA,NA,NA,NA,NA,NA,NA,NA,NA,NA,103,NA,NA,NA,NA,NA,NA,NA,,,
104,McNevin et al.,2003,Retention,Adult,Healthy,Novice,20,Balance,Angular deviation,0.43,0.434,Low,NA,NA,NA,NA,NA,NA,NA,NA,NA,NA,NA,NA,NA,NA,other_1 = MPF,104,NA,NA,NA,NA,NA,NA,NA,,,
105,Mullen et al.,2012,Retention,Adult,Healthy,Novice,16,Simulation driving,Lap time,1.161,0.515,Low,1,mt,63.44,4.28,NA,8,74.66,12.19,NA,8,NA,NA,no,external,NA,105,NA,NA,0.266,-1.161,1.161,0.516,yes,1.161,0.516,y
106,Mullen et al.,2012,Retention,Adult,Healthy,Novice,16,Simulation driving,Lap time,1.161,0.515,Low,2,other_1,1.69,1.63,NA,8,1.97,2.21,NA,8,NA,NA,no,external,NA,106,NA,NA,0.224,-0.136,0.136,0.473,no,0.136,0.473,n
107,Mullen et al.,2012,Retention,Adult,Healthy,Novice,16,Simulation driving,Lap time,1.161,0.515,Low,3,NA,NA,NA,NA,NA,NA,NA,NA,NA,NA,NA,NA,NA,NA,107,NA,NA,NA,NA,NA,NA,NA,,,
108,Mullen et al.,2012,Retention,Adult,Healthy,Novice,16,Simulation driving,Lap time,1.161,0.515,Low,NA,NA,NA,NA,NA,NA,NA,NA,NA,NA,NA,NA,NA,NA,other_1 = errors,108,NA,NA,NA,NA,NA,NA,NA,,,
109,Parr & Button,2009,Retention,Children,Healthy,Novice,12,Rowing,Apex to lock distance of blade,1.585,0.623,Low,1,mt,0.12,0.06,NA,6,0.2,0.05,NA,6,NA,NA,no,external,NA,109,NA,NA,0.359,-1.337,1.337,0.599,no,1.337,0.599,n
110,Parr & Button,2009,Retention,Children,Healthy,Novice,12,Rowing,Apex to lock distance of blade,1.585,0.623,Low,2,other_1,0.378516761,0.234622448,NA,6,0.506610227,0.218821602,NA,6,NA,NA,yes_has_fig,external,NA,110,NA,NA,0.295,-0.521,0.521,0.543,no,1.585,0.623,y
111,Parr & Button,2009,Retention,Children,Healthy,Novice,12,Rowing,Apex to lock distance of blade,1.585,0.623,Low,3,other_2,0.027,0.019418205,NA,6,0.077,0.037446851,NA,6,NA,NA,yes_no_fig,external,NA,111,NA,NA,0.38,1.55,1.55,1.55,no,1.55,0.6164414,n
112,Parr & Button,2009,Retention,Children,Healthy,Novice,12,Rowing,Apex to lock distance of blade,1.585,0.623,Low,NA,NA,NA,NA,NA,NA,NA,NA,NA,NA,NA,NA,NA,NA,"other 1= apex to lock (distance), other_2 = maximum height",112,NA,NA,NA,NA,NA,NA,NA,,,
113,Perreault & French,2015,Retention,Children,Healthy,Novice,28,Modified basketball free,Accuracy score,2.207,0.471,Low,1,points,0.85,0.11,NA,14,0.6,0.11,NA,14,NA,NA,no,external,NA,113,NA,NA,0.222,2.207,2.207,0.471,yes,2.207,0.471,y
114,Perreault & French,2015,Retention,Children,Healthy,Novice,28,Modified basketball free,Accuracy score,2.207,0.471,Low,2,NA,NA,NA,NA,NA,NA,NA,NA,NA,NA,NA,NA,NA,NA,114,NA,NA,NA,NA,NA,NA,NA,,,
115,Perreault & French,2015,Retention,Children,Healthy,Novice,28,Modified basketball free,Accuracy score,2.207,0.471,Low,3,NA,NA,NA,NA,NA,NA,NA,NA,NA,NA,NA,NA,NA,NA,115,NA,NA,NA,NA,NA,NA,NA,,,
116,Perreault & French,2015,Retention,Children,Healthy,Novice,28,Modified basketball free,Accuracy score,2.207,0.471,Low,NA,NA,NA,NA,NA,NA,NA,NA,NA,NA,NA,NA,NA,NA,NA,116,NA,NA,NA,NA,NA,NA,NA,,,
117,Saemi et al.,2013,Retention,Children,ADHD,Novice,20,Tennis ball throwing,Accuracy score,1.281,0.474,Moderate,1,points,7.14,NA,NA,10,5.6,NA,NA,10,NA,4.47,no,external,NA,117,NA,NA,0.204,0.906,0.906,0.452,no,1.281,0.474,y
118,Saemi et al.,2013,Retention,Children,ADHD,Novice,20,Tennis ball throwing,Accuracy score,1.281,0.474,Moderate,2,NA,NA,NA,NA,NA,NA,NA,NA,NA,NA,NA,NA,NA,NA,118,NA,NA,NA,NA,NA,NA,NA,,,
119,Saemi et al.,2013,Retention,Children,ADHD,Novice,20,Tennis ball throwing,Accuracy score,1.281,0.474,Moderate,3,NA,NA,NA,NA,NA,NA,NA,NA,NA,NA,NA,NA,NA,NA,119,NA,NA,NA,NA,NA,NA,NA,,,
120,Saemi et al.,2013,Retention,Children,ADHD,Novice,20,Tennis ball throwing,Accuracy score,1.281,0.474,Moderate,NA,NA,NA,NA,NA,NA,NA,NA,NA,NA,NA,NA,NA,NA,NA,120,NA,NA,NA,NA,NA,NA,NA,,,
121,Samsudin & Low,2017,Retention,Children,ASD,Novice,10,Boule throwing,Radial error,4.428,1.143,Low,1,ae,74.8,16.7,NA,5,148.8,13.3,NA,5,NA,NA,no,external,NA,121,NA,NA,1.306,-4.428,4.428,1.143,yes,4.428,1.143,y
122,Samsudin & Low,2017,Retention,Children,ASD,Novice,10,Boule throwing,Radial error,4.428,1.143,Low,2,NA,NA,NA,NA,NA,NA,NA,NA,NA,NA,NA,NA,NA,NA,122,NA,NA,NA,NA,NA,NA,NA,,,
123,Samsudin & Low,2017,Retention,Children,ASD,Novice,10,Boule throwing,Radial error,4.428,1.143,Low,3,NA,NA,NA,NA,NA,NA,NA,NA,NA,NA,NA,NA,NA,NA,123,NA,NA,NA,NA,NA,NA,NA,,,
124,Samsudin & Low,2017,Retention,Children,ASD,Novice,10,Boule throwing,Radial error,4.428,1.143,Low,NA,NA,NA,NA,NA,NA,NA,NA,NA,NA,NA,NA,NA,NA,NA,124,NA,NA,NA,NA,NA,NA,NA,,,
125,"Shafizadeh, Platt & Bahram",2013,Retention,Adult,Healthy,Novice,24,Dart throwing,Accuracy score,0.536,0.402,Moderate,1,points,44.6,14.52,NA,12,35.48,18.11,NA,12,NA,NA,no,external,NA,125,NA,NA,0.161,0.536,0.536,0.401,yes,0.536,0.401,y
126,"Shafizadeh, Platt & Bahram",2013,Retention,Adult,Healthy,Novice,24,Dart throwing,Accuracy score,0.536,0.402,Moderate,2,NA,NA,NA,NA,NA,NA,NA,NA,NA,NA,NA,NA,NA,NA,126,NA,NA,NA,NA,NA,NA,NA,,,
127,"Shafizadeh, Platt & Bahram",2013,Retention,Adult,Healthy,Novice,24,Dart throwing,Accuracy score,0.536,0.402,Moderate,3,NA,NA,NA,NA,NA,NA,NA,NA,NA,NA,NA,NA,NA,NA,127,NA,NA,NA,NA,NA,NA,NA,,,
128,"Shafizadeh, Platt & Bahram",2013,Retention,Adult,Healthy,Novice,24,Dart throwing,Accuracy score,0.536,0.402,Moderate,NA,NA,NA,NA,NA,NA,NA,NA,NA,NA,NA,NA,NA,NA,NA,128,NA,NA,NA,NA,NA,NA,NA,,,
129,Shea & Wulf,1999,Retention,Adult,Healthy,Novice,32,Balance,Angular deviation,0.768,0.35,Low,1,rmse,NA,NA,NA,16,NA,NA,NA,16,NA,4.48,no,external,NA,129,NA,NA,0.127,0.729,0.729,0.356,no,0.768,0.35,y
130,Shea & Wulf,1999,Retention,Adult,Healthy,Novice,32,Balance,Angular deviation,0.768,0.35,Low,2,NA,NA,NA,NA,NA,NA,NA,NA,NA,NA,NA,NA,NA,NA,130,NA,NA,NA,NA,NA,NA,NA,,,
131,Shea & Wulf,1999,Retention,Adult,Healthy,Novice,32,Balance,Angular deviation,0.768,0.35,Low,3,NA,NA,NA,NA,NA,NA,NA,NA,NA,NA,NA,NA,NA,NA,131,NA,NA,NA,NA,NA,NA,NA,,,
132,Shea & Wulf,1999,Retention,Adult,Healthy,Novice,32,Balance,Angular deviation,0.768,0.35,Low,NA,NA,NA,NA,NA,NA,NA,NA,NA,NA,NA,NA,NA,NA,NA,132,NA,NA,NA,NA,NA,NA,NA,,,
133,Tse,2017,Retention,Children,ASD,Novice,44,Beanbag throwing,Radial error,-1.782,0.352,Moderate,1,ae,13.99,2.39,NA,22,10.27,1.64,NA,22,NA,NA,no,internal,NA,133,NA,NA,0.124,1.782,-1.782,0.352,yes,-1.782,0.352,y
134,Tse,2017,Retention,Children,ASD,Novice,44,Beanbag throwing,Radial error,-1.782,0.352,Moderate,2,NA,NA,NA,NA,NA,NA,NA,NA,NA,NA,NA,NA,NA,NA,134,NA,NA,NA,NA,NA,NA,NA,,,
135,Tse,2017,Retention,Children,ASD,Novice,44,Beanbag throwing,Radial error,-1.782,0.352,Moderate,3,NA,NA,NA,NA,NA,NA,NA,NA,NA,NA,NA,NA,NA,NA,135,NA,NA,NA,NA,NA,NA,NA,,,
136,Tse,2017,Retention,Children,ASD,Novice,44,Beanbag throwing,Radial error,-1.782,0.352,Moderate,NA,NA,NA,NA,NA,NA,NA,NA,NA,NA,NA,NA,NA,NA,NA,136,NA,NA,NA,NA,NA,NA,NA,,,
137,Tse & van Ginneken,2017,Retention,Children,Healthy,Novice,40,Dart throwing,Radial error,0.155,0.341,Low,1,ae,11.7,1.899,NA,20,12.065,1.842,NA,20,NA,NA,no,external,NA,137,NA,NA,0.097,-0.191,0.191,0.311,no,0.155,0.341,y
138,Tse & van Ginneken,2017,Retention,Children,Healthy,Novice,40,Dart throwing,Radial error,0.155,0.341,Low,2,NA,NA,NA,NA,NA,NA,NA,NA,NA,NA,NA,NA,NA,NA,138,NA,NA,NA,NA,NA,NA,NA,,,
139,Tse & van Ginneken,2017,Retention,Children,Healthy,Novice,40,Dart throwing,Radial error,0.155,0.341,Low,3,NA,NA,NA,NA,NA,NA,NA,NA,NA,NA,NA,NA,NA,NA,139,NA,NA,NA,NA,NA,NA,NA,,,
140,Tse & van Ginneken,2017,Retention,Children,Healthy,Novice,40,Dart throwing,Radial error,0.155,0.341,Low,NA,NA,NA,NA,NA,NA,NA,NA,NA,NA,NA,NA,NA,NA,combined data,140,NA,NA,NA,NA,NA,NA,NA,,,
141,Tsetseli et al.,2016,Retention,Children,Healthy,Experienced,40,Tennis match,Score,0.507,0.315,Moderate,1,points,2,0.7,NA,20,2,1.1,NA,20,NA,NA,no,tie,NA,141,NA,NA,0.096,0,0,0.31,no,0,0.31,n
142,Tsetseli et al.,2016,Retention,Children,Healthy,Experienced,40,Tennis match,Score,0.507,0.315,Moderate,2,other_1,2.6,0.9,NA,20,2,1.2,NA,20,NA,NA,no,external,NA,142,NA,NA,0.1,0.554,0.554,0.316,no,0.507,0.315,y
143,Tsetseli et al.,2016,Retention,Children,Healthy,Experienced,40,Tennis match,Score,0.507,0.315,Moderate,3,NA,NA,NA,NA,NA,NA,NA,NA,NA,NA,NA,NA,NA,NA,143,NA,NA,NA,NA,NA,NA,NA,,,
144,Tsetseli et al.,2016,Retention,Children,Healthy,Experienced,40,Tennis match,Score,0.507,0.315,Moderate,NA,NA,NA,NA,NA,NA,NA,NA,NA,NA,NA,NA,NA,NA,"other_1 = total game performance, points = skill execution points",144,NA,NA,NA,NA,NA,NA,NA,,,
145,Tsetseli et al.,2018,Retention,Children,Healthy,Experienced,44,Tennis serve,Score,2.259,0.382,Moderate,1,form,26.04,1.43,NA,23,18.81,1.63,NA,21,NA,NA,no,external,NA,145,NA,NA,0.333,4.645,4.645,0.577,no,2.259,0.382,y
146,Tsetseli et al.,2018,Retention,Children,Healthy,Experienced,44,Tennis serve,Score,2.259,0.382,Moderate,2,form_2,24.43,2.23,NA,23,18.19,1.12,NA,21,NA,NA,no,external,NA,146,NA,NA,0.221,3.424,3.424,0.47,no,3.424,0.47,n
147,Tsetseli et al.,2018,Retention,Children,Healthy,Experienced,44,Tennis serve,Score,2.259,0.382,Moderate,3,form_3,23.65,2.9,NA,23,18.57,1.78,NA,21,NA,NA,no,external,NA,147,NA,NA,0.136,2.051,2.051,0.369,no,2.051,0.369,n
148,Tsetseli et al.,2018,Retention,Children,Healthy,Experienced,44,Tennis serve,Score,2.259,0.382,Moderate,NA,NA,NA,NA,NA,NA,NA,NA,NA,NA,NA,NA,NA,NA,"form_2 =  forehand, form_3 = backhand, form = service form",148,NA,NA,NA,NA,NA,NA,NA,,,
149,Uehara et al.,2008,Retention,Adult,Healthy,Novice,12,Soccer chipping,Radial error,-0.294,0.536,Moderate,1,ae,234.6,106.4,NA,6,204.6,79.8,NA,6,NA,NA,no,internal,NA,149,NA,NA,0.288,0.294,-0.294,0.537,yes,-0.294,0.537,y
150,Uehara et al.,2008,Retention,Adult,Healthy,Novice,12,Soccer chipping,Radial error,-0.294,0.536,Moderate,2,ve,250.4,89.2,NA,6,213.4,102.6,NA,6,NA,NA,no,internal,NA,150,NA,NA,0.289,0.355,-0.355,0.538,no,-0.355,0.538,n
151,Uehara et al.,2008,Retention,Adult,Healthy,Novice,12,Soccer chipping,Radial error,-0.294,0.536,Moderate,3,form,6.864122504,2.312602407,NA,6,8.402041731,1.973339094,NA,6,NA,NA,yes_has_fig,internal,NA,151,NA,NA,0.302,-0.66,-0.66,0.55,no,-0.66,0.55,n
152,Uehara et al.,2008,Retention,Adult,Healthy,Novice,12,Soccer chipping,Radial error,-0.294,0.536,Moderate,NA,NA,NA,NA,NA,NA,NA,NA,NA,NA,NA,NA,NA,NA,NA,152,NA,NA,NA,NA,NA,NA,NA,,,
153,Welling et al.,2016,Retention,Adult,Healthy,Novice,20,Jumping,Jump height,0.09,0.429,Low,1,other_1,2.34,0.95,NA,10,3.14,1.37,NA,10,NA,NA,no,external,NA,153,NA,NA,0.194,-0.65,0.65,0.44,no,0.65,0.44,n
154,Welling et al.,2016,Retention,Adult,Healthy,Novice,20,Jumping,Jump height,0.09,0.429,Low,2,other_2,1.48,0.05,NA,10,1.43,0.07,NA,10,NA,NA,yes_no_fig,external,NA,154,NA,NA,0.199,0.787,0.787,0.446,no,0.09,0.429,y
155,Welling et al.,2016,Retention,Adult,Healthy,Novice,20,Jumping,Jump height,0.09,0.429,Low,3,NA,NA,NA,NA,NA,NA,NA,NA,NA,NA,NA,NA,NA,NA,155,NA,NA,NA,NA,NA,NA,NA,,,
156,Welling et al.,2016,Retention,Adult,Healthy,Novice,20,Jumping,Jump height,0.09,0.429,Low,NA,NA,NA,NA,NA,NA,NA,NA,NA,NA,NA,NA,NA,NA,"other_1 = landing technique (LESS score), other_2 = jump performance. Combined the means and sds",156,NA,NA,NA,NA,NA,NA,NA,,,
157,Wulf & Su,2007 Exp 1,Retention,Adult,Healthy,Novice,20,Golf pitch shot,Accuracy score,0.358,0.432,Low,1,points,NA,NA,NA,10,NA,NA,NA,10,NA,NA,yes_no_fig,external,NA,157,NA,NA,NA,NA,NA,NA,NA,0.358,0.432,y
158,Wulf & Su,2007 Exp 1,Retention,Adult,Healthy,Novice,20,Golf pitch shot,Accuracy score,0.358,0.432,Low,2,NA,NA,NA,NA,NA,NA,NA,NA,NA,NA,NA,NA,NA,NA,158,NA,NA,NA,NA,NA,NA,NA,,,
159,Wulf & Su,2007 Exp 1,Retention,Adult,Healthy,Novice,20,Golf pitch shot,Accuracy score,0.358,0.432,Low,3,NA,NA,NA,NA,NA,NA,NA,NA,NA,NA,NA,NA,NA,NA,159,NA,NA,NA,NA,NA,NA,NA,,,
160,Wulf & Su,2007 Exp 1,Retention,Adult,Healthy,Novice,20,Golf pitch shot,Accuracy score,0.358,0.432,Low,NA,NA,NA,NA,NA,NA,NA,NA,NA,NA,NA,NA,NA,NA,"have access to data that nearly reproduces the reported numbers if SD values are considered SE values and converted. However, the paper claimed the difference between internal and external was sig, but that wouldn't have been the case with the effect size reported (it would if the SD values I have access to were actually SDs after all)",160,NA,NA,NA,NA,NA,NA,NA,,,
161,Wulf et al.,1998 Exp 1 & 2,Retention,Adult,Healthy,Novice,38,balance,angular deviation,1.371,0.351,Low,1,other_1,NA,NA,NA,11,NA,NA,NA,11,NA,NA,yes_no_fig,external,NA,161,NA,NA,NA,NA,NA,NA,NA,,,
162,Wulf et al.,1998 Exp 1 & 2,Retention,Adult,Healthy,Novice,38,balance,angular deviation,1.371,0.351,Low,2,other_2,NA,NA,NA,11,NA,NA,NA,11,NA,NA,yes_no_fig,internal,NA,162,NA,NA,NA,NA,NA,NA,NA,,,
163,Wulf et al.,1998 Exp 1 & 2,Retention,Adult,Healthy,Novice,38,balance,angular deviation,1.371,0.351,Low,3,rmse,NA,NA,NA,8,NA,NA,NA,8,NA,8.5,no,external,NA,163,NA,NA,0.283,1.378,1.378,0.532,no,1.371,0.351,y
164,Wulf et al.,1998 Exp 1 & 2,Retention,Adult,Healthy,Novice,38,balance,angular deviation,1.371,0.351,Low,NA,NA,NA,NA,NA,NA,NA,NA,NA,NA,NA,NA,NA,NA,"two experiment study, other_1 = amplitude, other_2 = frequency, experiments not combined",164,NA,NA,NA,NA,NA,NA,NA,,,
165,Wulf et al.,1999,Retention,Adult,Healthy,Novice,22,Golf pitch shot,Accuracy score,1.49,0.468,Moderate,1,points,NA,NA,NA,11,NA,NA,NA,11,NA,6.6,no,external,NA,165,NA,NA,0.194,1.054,1.054,0.44,no,1.49,0.468,y
166,Wulf et al.,1999,Retention,Adult,Healthy,Novice,22,Golf pitch shot,Accuracy score,1.49,0.468,Moderate,2,NA,NA,NA,NA,NA,NA,NA,NA,NA,NA,NA,NA,NA,NA,166,NA,NA,NA,NA,NA,NA,NA,,,
167,Wulf et al.,1999,Retention,Adult,Healthy,Novice,22,Golf pitch shot,Accuracy score,1.49,0.468,Moderate,3,NA,NA,NA,NA,NA,NA,NA,NA,NA,NA,NA,NA,NA,NA,167,NA,NA,NA,NA,NA,NA,NA,,,
168,Wulf et al.,1999,Retention,Adult,Healthy,Novice,22,Golf pitch shot,Accuracy score,1.49,0.468,Moderate,NA,NA,NA,NA,NA,NA,NA,NA,NA,NA,NA,NA,NA,NA,NA,168,NA,NA,NA,NA,NA,NA,NA,,,
169,Wulf et al.,2002 Exp 1 & 2,Retention,Adult,Healthy,Experienced,100,"Volleyball serve, soccer lofted",Accuracy score,1.281,0.217,Moderate,1,points,NA,NA,NA,24,NA,NA,NA,24,NA,8.64,no,external,NA,169,NA,NA,0.088,0.835,0.835,0.297,no,0.835,0.297,n
170,Wulf et al.,2002 Exp 1 & 2,Retention,Adult,Healthy,Experienced,100,"Volleyball serve, soccer lofted",Accuracy score,1.281,0.217,Moderate,2,form,NA,NA,NA,24,NA,NA,NA,24,NA,NA,yes_no_fig,external,NA,170,NA,NA,NA,NA,NA,NA,NA,,,
171,Wulf et al.,2002 Exp 1 & 2,Retention,Adult,Healthy,Experienced,100,"Volleyball serve, soccer lofted",Accuracy score,1.281,0.217,Moderate,3,points_2,NA,NA,NA,26,NA,NA,NA,26,NA,32.8,no,external,NA,171,NA,NA,0.098,1.564,1.564,0.313,no,1.564,0.313,n
172,Wulf et al.,2002 Exp 1 & 2,Retention,Adult,Healthy,Experienced,100,"Volleyball serve, soccer lofted",Accuracy score,1.281,0.217,Moderate,NA,chua,NA,NA,NA,NA,NA,NA,NA,NA,NA,NA,NA,NA,"points_2 = points from experiment 2. looks like the points outcome was aggregated across experiment 1 and 2, experiments not combined",172,NA,NA,NA,NA,NA,NA,NA,1.281,0.217,y
173,Wulf et al.,2001,Retention,Adult,Healthy,Novice,28,Balance,Angular deviation,2.007,0.455,Low,1,rmse,3.26,NA,0.091,14,4.12,NA,0.129,14,NA,NA,no,external,NA,173,0.340490822,0.482673803,0.206,-1.999,1.999,0.454,no,2.007,0.455,y
174,Wulf et al.,2001,Retention,Adult,Healthy,Novice,28,Balance,Angular deviation,2.007,0.455,Low,2,other_1,0.329,NA,0.011,14,0.268,NA,0.011,14,NA,NA,no,external,NA,174,0.041158231,0.041158231,0.172,1.439,1.439,0.415,no,1.439,0.415,n
175,Wulf et al.,2001,Retention,Adult,Healthy,Novice,28,Balance,Angular deviation,2.007,0.455,Low,3,NA,NA,NA,NA,NA,NA,NA,NA,NA,NA,NA,NA,NA,NA,175,NA,NA,NA,NA,NA,NA,NA,,,
176,Wulf et al.,2001,Retention,Adult,Healthy,Novice,28,Balance,Angular deviation,2.007,0.455,Low,NA,NA,NA,NA,NA,NA,NA,NA,NA,NA,NA,NA,NA,NA,other_1 = mean power frequency,176,NA,NA,NA,NA,NA,NA,NA,,,
177,"Wulf, Chiviacowsky, et al.",2010,Retention,Children,Healthy,Novice,48,Soccer throw-in,Movement form score,0.421,0.286,Low,1,points,4.17,0.43,NA,24,4,0.92,NA,24,NA,NA,no,external,NA,177,NA,NA,0.081,0.233,0.233,0.285,no,0.233,0.285,n
178,"Wulf, Chiviacowsky, et al.",2010,Retention,Children,Healthy,Novice,48,Soccer throw-in,Movement form score,0.421,0.286,Low,2,form,5.559826,0.7096808,NA,24,5.352341,0.5162323,NA,24,NA,NA,yes_has_fig,external,NA,178,NA,NA,0.082,0.329,0.329,0.286,no,0.421,0.286,y
179,"Wulf, Chiviacowsky, et al.",2010,Retention,Children,Healthy,Novice,48,Soccer throw-in,Movement form score,0.421,0.286,Low,3,NA,NA,NA,NA,NA,NA,NA,NA,NA,NA,NA,NA,NA,NA,179,NA,NA,NA,NA,NA,NA,NA,,,
180,"Wulf, Chiviacowsky, et al.",2010,Retention,Children,Healthy,Novice,48,Soccer throw-in,Movement form score,0.421,0.286,Low,NA,NA,NA,NA,NA,NA,NA,NA,NA,NA,NA,NA,NA,NA,NA,180,NA,NA,NA,NA,NA,NA,NA,,,
181,"Wulf, Wachter, et al.",2003,Retention,Children,Healthy,Novice,40,Soccer straight,Accuracy,0.338,0.316,Low,1,points,NA,NA,NA,20,NA,NA,NA,20,NA,2.54,no,external,NA,181,NA,NA,0.099,0.494,0.494,0.315,no,0.338,0.316,y
182,"Wulf, Wachter, et al.",2003,Retention,Children,Healthy,Novice,40,Soccer straight,Accuracy,0.338,0.316,Low,2,NA,NA,NA,NA,NA,NA,NA,NA,NA,NA,NA,NA,NA,NA,182,NA,NA,NA,NA,NA,NA,NA,,,
183,"Wulf, Wachter, et al.",2003,Retention,Children,Healthy,Novice,40,Soccer straight,Accuracy,0.338,0.316,Low,3,NA,NA,NA,NA,NA,NA,NA,NA,NA,NA,NA,NA,NA,NA,183,NA,NA,NA,NA,NA,NA,NA,,,
184,"Wulf, Wachter, et al.",2003,Retention,Children,Healthy,Novice,40,Soccer straight,Accuracy,0.338,0.316,Low,NA,NA,NA,NA,NA,NA,NA,NA,NA,NA,NA,NA,NA,NA,NA,184,NA,NA,NA,NA,NA,NA,NA,,,
185,"Wulf, Weigelt, et al.",2003,Retention,Adult,Healthy,Novice,38,Balance,Angular deviation,1.688,0.367,Low,1,rmse,NA,NA,NA,9,NA,NA,NA,9,NA,22.68,no,external,NA,185,NA,NA,0.329,2.138,2.138,0.574,no,2.138,0.574,n
186,"Wulf, Weigelt, et al.",2003,Retention,Adult,Healthy,Novice,38,Balance,Angular deviation,1.688,0.367,Low,2,other_1,NA,NA,NA,9,NA,NA,NA,9,NA,13.99,no,external,NA,186,NA,NA,0.28,1.679,1.679,0.529,no,1.679,0.529,n
187,"Wulf, Weigelt, et al.",2003,Retention,Adult,Healthy,Novice,38,Balance,Angular deviation,1.688,0.367,Low,3,rmse,NA,NA,NA,10,NA,NA,NA,10,NA,NA,yes_no_fig,external,NA,187,NA,NA,NA,NA,NA,NA,NA,1.688,0.367,y
188,"Wulf, Weigelt, et al.",2003,Retention,Adult,Healthy,Novice,38,Balance,Angular deviation,1.688,0.367,Low,NA,NA,NA,NA,NA,NA,NA,NA,NA,NA,NA,NA,NA,NA,"other_1 = error on superpostural task. effects were collapsed across experiments in Chua article. Both experiments have rmse, first one also has error on superpostural task",188,NA,NA,NA,NA,NA,NA,NA,,,
189,Zentgraf & Munzert,2009,Retention,Adult,Healthy,Novice,46,Juggling,Rate of correct trials,0.181,0.29,Low,1,other_1,NA,NA,NA,NA,NA,NA,NA,NA,NA,NA,yes_no_fig,NA,NA,189,NA,NA,NA,NA,NA,NA,NA,0.181,0.29,y
190,Zentgraf & Munzert,2009,Retention,Adult,Healthy,Novice,46,Juggling,Rate of correct trials,0.181,0.29,Low,2,other_2,15.8,6.73,NA,23,22,13,NA,23,NA,NA,no,external,NA,190,NA,NA,0.088,-0.589,0.589,0.297,no,0.589,0.297,n
191,Zentgraf & Munzert,2009,Retention,Adult,Healthy,Novice,46,Juggling,Rate of correct trials,0.181,0.29,Low,3,other_3,11.7,2.81,NA,23,11.4,2.64,NA,23,NA,NA,no,internal,NA,191,NA,NA,0.084,0.108,-0.108,0.29,no,-0.108,0.29,n
192,Zentgraf & Munzert,2009,Retention,Adult,Healthy,Novice,46,Juggling,Rate of correct trials,0.181,0.29,Low,NA,NA,NA,NA,NA,NA,NA,NA,NA,NA,NA,NA,NA,NA,"other_1 = success rate, other_2 = y error, other_3 = z error",192,NA,NA,NA,NA,NA,NA,NA,,,
193,Ziv & Lidor,2015,Retention,Adult,Healthy,Novice,48,Golf putting,Radial error,0.068,0.284,Low,1,ae,26.83,5.82,NA,24,27.31,7.84,NA,24,NA,NA,no,external,NA,193,NA,NA,0.081,-0.068,0.068,0.285,yes,0.068,0.285,y
194,Ziv & Lidor,2015,Retention,Adult,Healthy,Novice,48,Golf putting,Radial error,0.068,0.284,Low,2,ve,29.61,7,NA,24,30.19,10.03,NA,24,NA,NA,no,external,NA,194,NA,NA,0.081,-0.066,0.066,0.285,no,0.066,0.285,n
195,Ziv & Lidor,2015,Retention,Adult,Healthy,Novice,48,Golf putting,Radial error,0.068,0.284,Low,3,NA,NA,NA,NA,NA,NA,NA,NA,NA,NA,NA,NA,NA,NA,195,NA,NA,NA,NA,NA,NA,NA,,,
196,Ziv & Lidor,2015,Retention,Adult,Healthy,Novice,48,Golf putting,Radial error,0.068,0.284,Low,NA,NA,NA,NA,NA,NA,NA,NA,NA,NA,NA,NA,NA,NA,some question as to how the ve measure was calculated,196,NA,NA,NA,NA,NA,NA,NA,,,
,,,,,,,,,,,,,,,,,,,,,,,,,,,,,,,,,,,,,,
,,,,,,,,,,,,,,,,,,,,,,,,,,,,,,,,,,,,,,
,,,,,,,,,,,,,,,,,,,,,,,,,,,,,,,,,,,,,,
,,,,,,,,,,,,,,,,,,,,,,,,,,,,,,,,,,,,,,49
